Track file,I:\Rat Navigation Data\backup1\exp nestle 3_0001\data\track_00107.trk
Object,0
Samples,450
treatment,2,
cage,41,
mark,1,
id,73,
trial,3,
date,2009-07-27 14:10:00.000,yyyy-MM-dd HH:mm:ss
Sample no.,Time,X,Y,Area,Changed area,ZONES,Distance to zone [platform [Acquisition Zonedef]],Distance moved
1,0.00,207.18,-12.82,312.00,108.00,e ext,180.29,-
2,0.20,206.96,-12.01,304.00,232.00,e ext,179.63,0.84
3,0.40,207.38,-10.51,452.00,380.00,e ext,179.06,1.56
4,0.60,203.22,-2.73,520.00,468.00,e ext,171.12,8.82
5,0.80,198.40,6.06,588.00,484.00,e ext,162.14,10.03
6,1.00,190.92,22.89,528.00,644.00,e ext,146.87,18.41
7,1.20,185.65,35.43,500.00,396.00,e ext,136.22,13.61
8,1.40,181.10,46.44,492.00,376.00,east,127.42,11.91
9,1.60,178.24,52.18,468.00,264.00,east,122.59,6.41
10,1.80,173.95,58.33,532.00,360.00,east,116.36,7.50
11,2.00,173.13,58.62,544.00,228.00,east,115.50,0.86
12,2.20,169.92,59.82,548.00,324.00,east,112.07,3.43
13,2.40,166.75,61.01,524.00,424.00,east,108.68,3.39
14,2.60,164.65,63.08,540.00,320.00,east,105.98,2.95
15,2.80,160.41,69.56,544.00,364.00,east,99.85,7.74
16,3.00,155.40,77.00,664.00,480.00,east,92.98,8.96
17,3.20,151.76,86.01,664.00,600.00,east,87.57,9.72
18,3.40,147.80,96.56,676.00,636.00,platform reversal,82.56,11.27
19,3.60,146.95,107.70,712.00,644.00,platform reversal,81.72,11.17
20,3.80,147.47,120.48,660.00,724.00,reveral larger,83.93,12.79
21,4.00,149.33,131.72,640.00,708.00,east,88.62,11.40
22,4.20,153.31,143.25,768.00,760.00,east,96.28,12.20
23,4.40,160.08,156.54,660.00,820.00,east,108.09,14.92
24,4.60,169.16,170.18,728.00,740.00,east,122.74,16.39
25,4.80,180.90,185.58,724.00,780.00,north,140.96,19.36
26,5.00,194.03,200.81,676.00,704.00,n ext,160.48,20.11
27,5.20,205.61,213.25,568.00,636.00,n ext,177.15,17.00
28,5.40,215.21,222.91,576.00,392.00,n ext,190.61,13.62
29,5.60,215.21,222.91,452.00,140.00,n ext,190.61,0.00
30,5.80,216.31,224.00,368.00,140.00,n ext,192.15,1.55
31,6.00,214.96,222.93,356.00,364.00,n ext,190.42,1.73
32,6.20,209.95,218.73,296.00,380.00,n ext,183.89,6.54
33,6.40,198.50,208.91,364.00,476.00,n ext,168.85,15.08
34,6.60,186.73,199.10,496.00,364.00,n ext,153.56,15.32
35,6.80,177.90,192.27,596.00,412.00,n ext,142.39,11.17
36,7.00,162.19,180.50,680.00,620.00,north,122.77,19.62
37,7.20,145.08,169.26,644.00,780.00,north,102.33,20.47
38,7.40,132.21,161.58,736.00,764.00,north,87.42,14.99
39,7.60,116.90,155.14,772.00,812.00,north,71.45,16.61
40,7.80,102.81,151.06,728.00,900.00,north,58.40,14.67
41,8.00,90.63,149.74,764.00,788.00,north,49.61,12.25
42,8.20,77.56,150.94,788.00,848.00,north,43.87,13.12
43,8.40,65.28,154.49,828.00,888.00,north,43.86,12.78
44,8.60,51.12,161.07,744.00,892.00,north,50.17,15.62
45,8.80,38.87,168.98,792.00,712.00,north,60.38,14.58
46,9.00,27.03,177.73,708.00,636.00,north,72.63,14.72
47,9.20,17.98,184.88,636.00,448.00,north,82.88,11.54
48,9.40,7.39,193.73,604.00,456.00,north,95.67,13.80
49,9.60,0.44,199.07,508.00,496.00,n ext,103.80,8.76
50,9.80,1.32,196.43,596.00,416.00,n ext,101.08,2.79
51,10.00,4.60,190.89,620.00,472.00,w ext,94.64,6.44
52,10.20,8.86,183.34,676.00,544.00,west,85.99,8.66
53,10.40,14.81,171.18,672.00,668.00,west,72.55,13.54
54,10.60,19.55,158.04,732.00,700.00,west,59.05,13.97
55,10.80,24.52,143.21,696.00,700.00,west,44.43,15.63
56,11.00,28.25,126.35,688.00,728.00,west,30.65,17.27
57,11.20,31.40,109.24,720.00,688.00,west,21.07,17.39
58,11.40,33.94,93.05,712.00,768.00,west,19.01,16.39
59,11.60,33.46,75.90,780.00,796.00,west,27.47,17.15
60,11.80,31.46,60.07,768.00,796.00,west,40.67,15.96
61,12.00,28.78,47.26,716.00,772.00,west,52.97,13.09
62,12.20,25.03,35.18,704.00,860.00,west,65.33,12.65
63,12.40,20.72,25.38,744.00,736.00,west,76.00,10.70
64,12.60,16.42,17.53,716.00,764.00,west,84.95,8.95
65,12.80,11.71,10.26,628.00,680.00,south,93.58,8.66
66,13.00,9.73,5.99,608.00,660.00,s ext,98.28,4.71
67,13.20,10.77,4.27,536.00,664.00,s ext,99.31,2.01
68,13.40,16.94,6.53,632.00,536.00,s ext,94.56,6.57
69,13.60,25.78,9.15,588.00,604.00,s ext,88.74,9.22
70,13.80,38.14,12.40,556.00,624.00,s ext,82.05,12.78
71,14.00,55.22,15.16,468.00,672.00,s ext,77.18,17.30
72,14.20,68.83,16.98,548.00,472.00,s ext,76.23,13.73
73,14.40,82.74,18.29,532.00,560.00,s ext,78.08,13.97
74,14.60,102.03,17.14,560.00,612.00,s ext,86.74,19.31
75,14.80,117.80,14.80,552.00,552.00,s ext,97.08,15.95
76,15.00,134.72,11.34,580.00,660.00,s ext,110.29,17.27
77,15.20,152.93,5.24,540.00,608.00,s ext,127.25,19.20
78,15.40,169.79,-1.85,464.00,644.00,s ext,144.43,18.30
79,15.60,178.21,-5.93,540.00,436.00,s ext,153.45,9.36
80,15.80,192.74,-14.40,420.00,640.00,s ext,170.02,16.82
81,16.00,200.56,-19.37,368.00,476.00,s ext,179.22,9.27
82,16.20,205.09,-22.21,392.00,336.00,s ext,184.52,5.34
83,16.40,206.55,-22.20,428.00,412.00,s ext,185.65,1.47
84,16.60,209.04,-22.87,404.00,480.00,s ext,187.99,2.57
85,16.80,212.36,-24.57,368.00,508.00,s ext,191.64,3.74
86,17.00,210.40,-21.00,532.00,412.00,s ext,187.87,4.07
87,17.20,211.69,-20.07,476.00,536.00,s ext,188.30,1.59
88,17.40,210.49,-16.18,556.00,472.00,e ext,184.96,4.08
89,17.60,207.99,-9.69,560.00,508.00,e ext,179.06,6.95
90,17.80,204.33,0.74,556.00,588.00,e ext,170.04,11.05
91,18.00,201.31,12.48,524.00,544.00,e ext,161.13,12.11
92,18.20,197.29,26.79,480.00,564.00,e ext,150.53,14.87
93,18.40,194.98,38.08,544.00,416.00,e ext,143.50,11.52
94,18.60,192.94,53.91,432.00,544.00,e ext,135.70,15.97
95,18.80,189.52,70.86,484.00,508.00,e ext,127.58,17.29
96,19.00,188.04,89.87,480.00,500.00,e ext,123.15,19.06
97,19.20,187.48,106.66,572.00,532.00,e ext,122.15,16.80
98,19.40,187.35,122.81,516.00,504.00,e ext,123.62,16.15
99,19.60,189.95,143.12,532.00,552.00,e ext,130.78,20.48
100,19.80,192.56,161.30,532.00,576.00,e ext,139.46,18.36
101,20.00,198.02,179.64,548.00,520.00,e ext,152.45,19.14
102,20.20,201.40,191.29,500.00,496.00,e ext,161.25,12.13
103,20.40,206.83,203.51,460.00,480.00,e ext,172.48,13.37
104,20.60,209.60,210.45,524.00,472.00,e ext,178.74,7.47
105,20.80,212.42,216.49,548.00,552.00,e ext,184.56,6.66
106,21.00,214.36,220.12,548.00,520.00,e ext,188.27,4.12
107,21.20,213.36,219.71,624.00,572.00,e ext,187.22,1.09
108,21.40,212.40,219.10,612.00,612.00,n ext,186.08,1.13
109,21.60,215.41,222.72,600.00,652.00,n ext,190.66,4.71
110,21.80,212.82,220.77,660.00,604.00,n ext,187.42,3.24
111,22.00,213.02,221.84,552.00,476.00,n ext,188.22,1.09
112,22.20,207.77,218.76,380.00,452.00,n ext,182.18,6.09
113,22.40,200.68,215.04,428.00,456.00,n ext,174.28,8.01
114,22.60,193.21,211.24,464.00,348.00,n ext,166.05,8.38
115,22.80,186.65,208.16,432.00,344.00,n ext,159.00,7.24
116,23.00,176.40,204.16,384.00,512.00,n ext,148.54,11.01
117,23.20,164.74,199.18,476.00,484.00,n ext,136.46,12.68
118,23.40,149.06,193.58,520.00,564.00,n ext,121.17,16.65
119,23.60,135.27,189.19,580.00,540.00,n ext,108.42,14.48
120,23.80,117.87,186.11,552.00,588.00,n ext,95.03,17.67
121,24.00,102.64,184.18,604.00,548.00,n ext,84.96,15.34
122,24.20,85.03,185.56,612.00,624.00,n ext,78.88,17.66
123,24.40,68.27,186.98,512.00,564.00,n ext,76.43,16.83
124,24.60,49.87,189.02,512.00,632.00,n ext,78.12,18.51
125,24.80,39.49,190.68,584.00,480.00,n ext,81.27,10.51
126,25.00,31.80,190.87,668.00,532.00,n ext,83.38,7.69
127,25.20,22.03,193.10,548.00,672.00,n ext,88.76,10.02
128,25.40,14.89,195.10,540.00,544.00,n ext,93.43,7.42
129,25.60,7.30,198.38,588.00,576.00,n ext,99.78,8.27
130,25.80,3.27,199.53,624.00,564.00,n ext,102.74,4.19
131,26.00,-0.14,200.93,664.00,520.00,n ext,105.68,3.68
132,26.20,-1.52,200.05,580.00,620.00,n ext,105.66,1.64
133,26.40,-2.44,198.44,624.00,524.00,w ext,104.80,1.85
134,26.60,-1.01,194.08,580.00,540.00,w ext,100.37,4.59
135,26.80,-1.33,192.45,496.00,396.00,w ext,99.20,1.66
136,27.00,-4.13,194.12,460.00,396.00,w ext,102.17,3.26
137,27.20,-7.17,196.73,420.00,320.00,w ext,106.06,4.01
138,27.40,-7.17,196.73,460.00,192.00,w ext,106.06,0.00
139,27.60,-8.75,199.58,388.00,216.00,w ext,109.30,3.26
140,27.80,-9.04,200.53,448.00,228.00,w ext,110.23,0.99
141,28.00,-8.29,200.50,480.00,352.00,w ext,109.78,0.75
142,28.20,-6.47,199.48,620.00,380.00,w ext,107.91,2.08
143,28.40,-7.60,202.63,572.00,448.00,w ext,111.15,3.34
144,28.60,-9.30,206.69,504.00,492.00,w ext,115.46,4.39
145,28.80,-9.44,208.43,492.00,404.00,n ext,116.99,1.75
146,29.00,-7.67,207.70,568.00,348.00,n ext,115.42,1.91
147,29.20,-3.23,205.06,560.00,488.00,n ext,110.82,5.17
148,29.40,0.53,203.03,612.00,452.00,n ext,107.15,4.27
149,29.60,7.60,199.39,588.00,528.00,n ext,100.52,7.96
150,29.80,16.87,194.91,568.00,580.00,n ext,92.43,10.29
151,30.00,25.51,191.89,636.00,540.00,n ext,86.39,9.15
152,30.20,39.19,187.21,556.00,576.00,n ext,77.94,14.45
153,30.40,53.70,182.51,580.00,592.00,n ext,71.39,15.26
154,30.60,68.48,179.34,684.00,512.00,n ext,68.90,15.11
155,30.80,84.39,176.03,688.00,588.00,north,69.69,16.25
156,31.00,101.58,174.64,656.00,600.00,north,76.28,17.25
157,31.20,118.46,174.61,672.00,632.00,north,86.37,16.88
158,31.40,131.54,176.45,756.00,644.00,north,96.66,13.21
159,31.60,147.35,180.20,720.00,756.00,north,110.88,16.25
160,31.80,160.95,185.03,748.00,572.00,north,124.49,14.44
161,32.00,174.06,191.35,676.00,624.00,n ext,138.76,14.56
162,32.20,185.95,198.18,632.00,548.00,n ext,152.39,13.71
163,32.40,196.97,205.57,596.00,716.00,n ext,165.64,13.27
164,32.60,201.68,208.96,616.00,460.00,n ext,171.44,5.80
165,32.80,204.79,210.80,436.00,676.00,n ext,175.05,3.62
166,33.00,202.68,207.83,660.00,360.00,e ext,171.60,3.64
167,33.20,200.79,203.88,700.00,648.00,e ext,167.75,4.38
168,33.40,195.24,194.72,688.00,588.00,e ext,157.96,10.71
169,33.60,188.16,182.40,680.00,552.00,east,145.32,14.21
170,33.80,180.60,167.37,692.00,652.00,east,131.29,16.82
171,34.00,175.10,153.73,672.00,588.00,east,120.43,14.71
172,34.20,170.65,138.60,756.00,660.00,east,111.02,15.77
173,34.40,167.85,123.35,728.00,628.00,east,104.49,15.51
174,34.60,165.97,106.11,736.00,640.00,east,100.63,17.34
175,34.80,164.90,91.95,724.00,572.00,east,99.91,14.20
176,35.00,164.78,76.85,684.00,672.00,east,102.13,15.10
177,35.20,163.93,67.25,756.00,600.00,east,103.92,9.64
178,35.40,162.92,58.85,600.00,628.00,east,105.89,8.45
179,35.60,159.54,54.99,740.00,596.00,east,104.25,5.13
180,35.80,154.19,54.89,740.00,688.00,east,99.42,5.35
181,36.00,148.96,55.85,720.00,644.00,east,94.28,5.32
182,36.20,140.68,59.00,748.00,740.00,south,85.46,8.86
183,36.40,134.33,60.10,768.00,652.00,south,79.31,6.44
184,36.60,126.14,62.88,812.00,764.00,south,70.78,8.65
185,36.80,118.43,65.48,756.00,656.00,south,62.79,8.13
186,37.00,110.42,68.72,704.00,740.00,south,54.24,8.65
187,37.20,104.24,71.71,812.00,596.00,south,47.41,6.86
188,37.40,98.37,75.38,840.00,700.00,south,40.49,6.93
189,37.60,93.05,78.46,800.00,688.00,south,34.34,6.15
190,37.80,88.82,80.68,932.00,612.00,south,29.58,4.77
191,38.00,84.23,83.77,924.00,728.00,south,24.05,5.54
192,38.20,80.50,87.05,944.00,756.00,west,19.17,4.96
193,38.40,76.82,91.91,840.00,776.00,west,13.67,6.09
194,38.60,73.54,96.00,924.00,732.00,west,9.14,5.25
195,38.80,69.75,102.18,924.00,760.00,platform larger,4.34,7.25
196,39.00,65.56,107.54,840.00,708.00,platform larger,1.80,6.80
197,39.20,61.44,113.68,824.00,672.00,platform larger,3.30,7.40
198,39.40,55.57,119.75,704.00,672.00,west,8.61,8.44
199,39.60,50.23,123.50,712.00,672.00,west,13.68,6.53
200,39.80,46.92,125.11,664.00,584.00,west,16.48,3.68
201,40.00,44.07,123.26,664.00,472.00,west,16.53,3.40
202,40.20,44.09,118.43,708.00,364.00,west,13.17,4.83
203,40.40,44.41,110.92,780.00,424.00,west,8.94,7.51
204,40.60,45.06,102.14,800.00,548.00,west,6.83,8.81
205,40.80,44.91,94.57,736.00,480.00,west,7.97,7.57
206,41.00,44.93,86.13,672.00,464.00,west,12.11,8.44
207,41.20,44.37,79.03,752.00,408.00,west,17.73,7.12
208,41.40,43.65,70.32,712.00,520.00,west,25.58,8.74
209,41.60,41.80,60.88,752.00,648.00,west,34.79,9.61
210,41.80,39.49,52.92,752.00,568.00,west,43.00,8.29
211,42.00,36.52,45.24,664.00,472.00,west,51.22,8.23
212,42.20,35.63,40.67,628.00,500.00,west,55.78,4.66
213,42.40,36.30,38.34,604.00,448.00,south,57.70,2.42
214,42.60,38.20,37.15,668.00,464.00,south,58.19,2.24
215,42.80,42.70,37.75,728.00,668.00,south,56.34,4.54
216,43.00,47.77,38.13,732.00,684.00,south,54.93,5.08
217,43.20,53.10,37.29,744.00,644.00,south,55.15,5.40
218,43.40,58.09,35.32,712.00,624.00,south,57.02,5.36
219,43.60,65.50,33.24,764.00,684.00,south,59.67,7.69
220,43.80,72.89,30.67,684.00,616.00,south,63.48,7.83
221,44.00,81.33,26.34,692.00,584.00,south,70.00,9.48
222,44.20,91.05,22.76,532.00,512.00,south,76.83,10.36
223,44.40,96.37,20.10,448.00,348.00,s ext,81.49,5.95
224,44.60,102.47,15.14,312.00,336.00,s ext,88.71,7.86
225,44.80,104.73,13.04,368.00,216.00,s ext,91.64,3.09
226,45.00,110.12,12.67,296.00,280.00,s ext,94.69,5.40
227,45.20,115.85,11.06,392.00,288.00,s ext,99.08,5.95
228,45.40,124.78,9.67,368.00,432.00,s ext,105.33,9.04
229,45.60,131.91,11.10,428.00,540.00,s ext,108.64,7.28
230,45.80,138.46,12.16,504.00,484.00,s ext,112.19,6.63
231,46.00,146.84,12.89,584.00,544.00,south,117.56,8.41
232,46.20,152.80,13.76,576.00,536.00,south,121.36,6.03
233,46.40,161.64,11.69,664.00,600.00,south,129.43,9.08
234,46.60,170.05,9.51,592.00,664.00,south,137.31,8.69
235,46.80,177.27,6.47,600.00,552.00,south,144.84,7.84
236,47.00,183.77,2.67,644.00,476.00,south,152.30,7.53
237,47.20,192.31,-3.42,620.00,576.00,s ext,162.78,10.49
238,47.40,200.44,-9.87,468.00,528.00,s ext,173.16,10.38
239,47.60,204.79,-13.11,500.00,368.00,s ext,178.57,5.42
240,47.80,207.61,-14.38,480.00,412.00,e ext,181.58,3.09
241,48.00,209.15,-14.22,520.00,336.00,e ext,182.70,1.55
242,48.20,208.22,-10.64,492.00,340.00,e ext,179.81,3.69
243,48.40,204.88,-2.60,460.00,464.00,e ext,172.39,8.71
244,48.60,198.75,10.91,464.00,532.00,e ext,159.78,14.83
245,48.80,194.56,21.46,552.00,472.00,e ext,150.73,11.35
246,49.00,191.02,33.65,628.00,508.00,e ext,141.83,12.69
247,49.20,186.94,50.29,572.00,520.00,e ext,131.38,17.13
248,49.40,184.86,65.44,636.00,488.00,e ext,124.45,15.29
249,49.60,183.68,83.12,552.00,572.00,e ext,119.56,17.72
250,49.80,183.43,99.17,604.00,468.00,e ext,118.06,16.05
251,50.00,184.53,113.52,452.00,392.00,e ext,119.66,14.39
252,50.20,184.05,128.33,468.00,464.00,e ext,121.35,14.82
253,50.40,183.54,139.88,548.00,384.00,e ext,123.70,11.55
254,50.60,184.20,152.29,548.00,472.00,e ext,128.32,12.43
255,50.80,184.82,162.79,620.00,552.00,e ext,133.02,10.52
256,51.00,187.25,173.26,708.00,600.00,e ext,139.94,10.75
257,51.20,191.17,184.39,716.00,672.00,e ext,148.93,11.80
258,51.40,195.97,194.66,684.00,584.00,e ext,158.53,11.33
259,51.60,202.46,205.49,632.00,612.00,e ext,170.04,12.62
260,51.80,207.03,211.90,580.00,396.00,e ext,177.51,7.88
261,52.00,214.45,221.01,548.00,448.00,e ext,188.87,11.75
262,52.20,223.65,231.32,344.00,436.00,n ext,202.42,13.82
263,52.40,224.85,232.61,340.00,196.00,n ext,204.15,1.76
264,52.60,224.85,232.61,304.00,76.00,n ext,204.15,0.00
265,52.80,225.27,233.10,292.00,164.00,n ext,204.78,0.64
266,53.00,223.25,230.96,336.00,292.00,e ext,201.88,2.94
267,53.20,219.35,226.59,548.00,340.00,e ext,196.13,5.86
268,53.40,216.31,223.02,544.00,356.00,e ext,191.56,4.69
269,53.60,213.70,219.60,532.00,460.00,e ext,187.43,4.30
270,53.80,209.10,213.06,612.00,416.00,e ext,179.86,8.00
271,54.00,202.64,203.08,624.00,532.00,e ext,168.80,11.89
272,54.20,197.75,194.14,644.00,444.00,e ext,159.72,10.19
273,54.40,192.34,183.57,676.00,512.00,e ext,149.49,11.87
274,54.60,186.96,169.17,652.00,656.00,e ext,137.76,15.38
275,54.80,182.94,156.34,724.00,552.00,e ext,128.67,13.45
276,55.00,178.52,139.14,668.00,584.00,e ext,118.68,17.75
277,55.20,175.07,121.31,676.00,616.00,east,111.26,18.17
278,55.40,172.60,105.09,704.00,612.00,east,107.23,16.40
279,55.60,171.69,89.46,756.00,660.00,east,106.89,15.66
280,55.80,172.29,71.11,636.00,768.00,east,110.82,18.36
281,56.00,173.95,58.33,680.00,636.00,east,116.36,12.89
282,56.20,176.36,43.55,664.00,744.00,east,124.31,14.98
283,56.40,179.25,32.47,688.00,576.00,east,131.98,11.45
284,56.60,181.95,21.85,692.00,644.00,east,139.73,10.95
285,56.80,183.10,15.44,668.00,600.00,east,144.22,6.51
286,57.00,182.17,11.59,628.00,664.00,south,145.66,3.96
287,57.20,179.81,10.50,624.00,564.00,south,144.39,2.60
288,57.40,176.96,9.74,716.00,636.00,south,142.58,2.95
289,57.60,172.25,10.02,672.00,660.00,south,138.70,4.72
290,57.80,165.73,11.52,668.00,580.00,south,132.70,6.69
291,58.00,156.91,13.40,632.00,588.00,south,124.70,9.01
292,58.20,144.74,16.28,584.00,640.00,south,113.71,12.51
293,58.40,132.80,20.20,640.00,504.00,south,102.46,12.57
294,58.60,114.17,24.87,516.00,668.00,south,86.81,19.20
295,58.80,103.39,25.72,580.00,464.00,south,80.04,10.82
296,59.00,89.16,27.23,636.00,576.00,south,71.98,14.32
297,59.20,73.52,25.83,668.00,608.00,south,68.35,15.70
298,59.40,61.56,25.14,592.00,572.00,south,67.36,11.99
299,59.60,50.12,23.15,612.00,492.00,south,69.48,11.61
300,59.80,39.71,20.81,584.00,540.00,south,73.50,10.66
301,60.00,32.79,20.11,608.00,544.00,south,76.06,6.96
302,60.20,26.79,18.81,644.00,596.00,south,79.36,6.14
303,60.40,22.94,18.19,648.00,540.00,south,81.46,3.90
304,60.60,20.46,18.46,636.00,620.00,south,82.28,2.49
305,60.80,20.95,21.16,604.00,552.00,south,79.63,2.75
306,61.00,23.45,26.40,560.00,532.00,west,73.83,5.80
307,61.20,27.88,34.13,640.00,544.00,west,64.94,8.91
308,61.40,32.69,43.02,652.00,532.00,west,54.84,10.10
309,61.60,38.07,53.89,640.00,580.00,west,42.71,12.13
310,61.80,41.96,63.55,796.00,540.00,west,32.33,10.41
311,62.00,45.31,75.39,720.00,724.00,west,20.35,12.30
312,62.20,47.85,85.32,812.00,596.00,west,10.61,10.25
313,62.40,49.35,96.11,756.00,608.00,platform larger,3.31,10.90
314,62.60,50.54,105.67,728.00,588.00,platform larger,1.79,9.63
315,62.80,51.93,115.86,744.00,672.00,platform larger,5.96,10.29
316,63.00,51.58,125.31,760.00,696.00,west,14.90,9.45
317,63.20,51.57,132.88,776.00,680.00,west,22.22,7.58
318,63.40,51.04,139.82,784.00,688.00,west,29.12,6.95
319,63.60,50.16,146.20,748.00,668.00,west,35.57,6.45
320,63.80,49.06,152.14,780.00,616.00,north,41.61,6.04
321,64.00,48.64,156.75,828.00,584.00,north,46.22,4.62
322,64.20,50.48,160.13,796.00,640.00,north,49.31,3.85
323,64.40,52.57,162.92,848.00,620.00,north,51.89,3.48
324,64.60,55.26,165.73,828.00,588.00,north,54.55,3.89
325,64.80,60.02,168.27,784.00,652.00,north,57.07,5.39
326,65.00,69.05,168.27,808.00,624.00,north,58.09,9.03
327,65.20,80.00,169.80,720.00,680.00,north,62.34,11.05
328,65.40,92.97,170.92,720.00,592.00,north,68.65,13.02
329,65.60,107.18,171.93,724.00,564.00,north,77.28,14.25
330,65.80,120.11,174.18,768.00,556.00,north,87.13,13.12
331,66.00,135.02,178.29,740.00,612.00,north,100.45,15.47
332,66.20,150.35,184.13,684.00,552.00,n ext,115.72,16.40
333,66.40,162.11,189.07,656.00,532.00,n ext,127.91,12.76
334,66.60,174.49,195.92,544.00,520.00,n ext,141.87,14.15
335,66.80,183.52,201.50,532.00,444.00,n ext,152.43,10.62
336,67.00,192.72,207.66,376.00,460.00,n ext,163.47,11.07
337,67.20,207.77,218.76,408.00,504.00,n ext,182.18,18.71
338,67.40,209.69,220.26,296.00,136.00,n ext,184.61,2.43
339,67.60,214.44,223.87,356.00,172.00,n ext,190.57,5.96
340,67.80,215.11,223.93,356.00,272.00,n ext,191.14,0.68
341,68.00,214.86,223.43,452.00,312.00,n ext,190.65,0.56
342,68.20,216.73,224.55,408.00,564.00,n ext,192.81,2.18
343,68.40,213.06,220.71,512.00,392.00,n ext,187.57,5.31
344,68.60,210.00,217.24,604.00,476.00,n ext,183.04,4.63
345,68.80,205.87,212.40,652.00,568.00,n ext,176.86,6.35
346,69.00,202.26,207.55,632.00,492.00,e ext,171.09,6.05
347,69.20,196.49,199.47,624.00,576.00,e ext,161.69,9.93
348,69.40,190.44,189.49,668.00,620.00,east,151.06,11.67
349,69.60,185.54,180.22,612.00,536.00,east,141.94,10.49
350,69.80,179.72,168.10,672.00,556.00,east,130.86,13.44
351,70.00,175.04,155.69,672.00,568.00,east,121.17,13.27
352,70.20,171.23,141.50,700.00,636.00,east,112.46,14.69
353,70.40,168.11,126.31,696.00,652.00,east,105.33,15.51
354,70.60,166.63,112.46,692.00,564.00,east,101.74,13.93
355,70.80,166.67,96.92,680.00,620.00,east,101.40,15.54
356,71.00,166.49,82.74,672.00,584.00,east,102.64,14.18
357,71.20,167.65,69.03,708.00,580.00,east,106.93,13.76
358,71.40,168.66,57.63,656.00,588.00,east,111.68,11.44
359,71.60,168.21,49.32,624.00,560.00,east,114.47,8.32
360,71.80,168.17,41.99,724.00,588.00,east,117.68,7.32
361,72.00,165.83,38.15,624.00,652.00,east,117.50,4.50
362,72.20,162.53,36.42,648.00,576.00,south,115.55,3.71
363,72.40,157.39,37.60,712.00,584.00,south,110.56,5.28
364,72.60,152.60,37.67,736.00,688.00,south,106.50,4.80
365,72.80,147.27,37.75,760.00,608.00,south,102.06,5.33
366,73.00,140.22,38.15,748.00,668.00,south,96.13,7.07
367,73.20,132.93,38.67,732.00,600.00,south,90.12,7.31
368,73.40,123.74,38.93,720.00,580.00,south,82.92,9.19
369,73.60,114.61,38.99,716.00,532.00,south,76.31,9.13
370,73.80,104.84,38.18,756.00,600.00,south,70.56,9.80
371,74.00,91.60,37.05,692.00,640.00,south,64.27,13.29
372,74.20,79.08,34.46,624.00,548.00,south,61.59,12.79
373,74.40,69.28,32.89,640.00,416.00,south,60.58,9.92
374,74.60,58.38,30.69,672.00,584.00,south,61.66,11.12
375,74.80,48.16,28.16,708.00,508.00,south,64.73,10.53
376,75.00,38.35,24.53,644.00,568.00,south,70.23,10.46
377,75.20,28.91,19.89,616.00,572.00,south,77.58,10.52
378,75.40,24.15,18.41,596.00,476.00,south,80.76,4.98
379,75.60,19.90,16.70,604.00,536.00,south,84.10,4.58
380,75.80,19.82,19.16,612.00,552.00,south,81.93,2.46
381,76.00,21.63,23.18,552.00,428.00,west,77.53,4.41
382,76.20,24.48,28.61,656.00,504.00,west,71.39,6.14
383,76.40,28.11,35.36,696.00,504.00,west,63.73,7.66
384,76.60,30.84,42.57,652.00,500.00,west,56.07,7.71
385,76.80,33.93,51.09,724.00,544.00,west,47.10,9.06
386,77.00,38.00,61.36,628.00,504.00,west,36.15,11.05
387,77.20,40.26,70.99,652.00,504.00,west,26.70,9.89
388,77.40,43.16,81.70,680.00,524.00,west,16.43,11.10
389,77.60,45.01,90.93,692.00,540.00,west,9.45,9.41
390,77.80,45.80,102.32,700.00,624.00,west,6.12,11.42
391,78.00,45.34,113.49,736.00,628.00,west,9.27,11.18
392,78.20,43.73,122.10,696.00,496.00,west,15.90,8.76
393,78.40,41.63,131.82,752.00,480.00,west,24.93,9.93
394,78.60,38.01,142.66,708.00,612.00,west,36.16,11.43
395,78.80,34.86,151.69,640.00,580.00,west,45.65,9.56
396,79.00,29.21,161.53,668.00,516.00,west,56.97,11.35
397,79.20,23.60,170.88,660.00,552.00,west,67.85,10.90
398,79.40,18.31,178.85,660.00,400.00,north,77.36,9.56
399,79.60,13.68,185.40,636.00,392.00,north,85.33,8.03
400,79.80,8.64,192.35,628.00,512.00,north,93.85,8.59
401,80.00,5.88,196.79,636.00,432.00,n ext,99.07,5.22
402,80.20,5.89,199.01,596.00,504.00,n ext,101.00,2.22
403,80.40,7.49,199.06,576.00,380.00,n ext,100.29,1.60
404,80.60,9.97,200.05,428.00,484.00,n ext,100.03,2.68
405,80.80,15.12,197.98,376.00,364.00,n ext,95.95,5.55
406,81.00,22.21,195.33,436.00,356.00,n ext,90.77,7.56
407,81.20,29.16,192.68,492.00,328.00,n ext,85.90,7.44
408,81.40,40.41,189.63,540.00,440.00,n ext,80.05,11.66
409,81.60,49.75,187.47,548.00,368.00,n ext,76.58,9.59
410,81.80,64.74,184.95,528.00,460.00,n ext,74.02,15.19
411,82.00,75.44,183.52,584.00,416.00,n ext,74.36,10.80
412,82.20,92.13,181.93,572.00,500.00,n ext,78.11,16.76
413,82.40,103.32,181.60,600.00,380.00,n ext,83.09,11.20
414,82.60,118.11,182.72,620.00,516.00,n ext,92.46,14.83
415,82.80,129.03,182.67,572.00,448.00,n ext,99.40,10.92
416,83.00,139.20,182.64,660.00,416.00,n ext,106.47,10.17
417,83.20,148.62,183.40,644.00,480.00,n ext,113.93,9.45
418,83.40,156.90,184.06,696.00,532.00,north,120.71,8.31
419,83.60,163.79,184.49,688.00,576.00,north,126.43,6.91
420,83.80,171.25,186.40,652.00,572.00,north,133.57,7.70
421,84.00,176.27,187.65,680.00,588.00,north,138.37,5.18
422,84.20,181.21,189.29,640.00,632.00,north,143.34,5.20
423,84.40,185.32,190.91,672.00,592.00,north,147.62,4.41
424,84.60,187.49,190.99,720.00,584.00,east,149.45,2.17
425,84.80,190.10,191.77,696.00,584.00,east,152.05,2.72
426,85.00,193.29,193.38,600.00,568.00,e ext,155.59,3.57
427,85.20,196.33,194.60,496.00,504.00,e ext,158.79,3.27
428,85.40,195.76,191.33,524.00,388.00,e ext,156.52,3.32
429,85.60,194.19,186.33,512.00,388.00,e ext,152.51,5.24
430,85.80,192.16,179.33,516.00,364.00,e ext,147.19,7.29
431,86.00,188.93,169.06,576.00,420.00,e ext,139.46,10.77
432,86.20,185.89,159.06,596.00,332.00,e ext,132.45,10.45
433,86.40,183.13,147.16,608.00,508.00,e ext,125.54,12.22
434,86.60,179.23,131.98,612.00,484.00,e ext,117.45,15.67
435,86.80,176.63,117.09,608.00,548.00,e ext,112.21,15.11
436,87.00,174.47,102.22,644.00,524.00,east,109.06,15.03
437,87.20,172.75,87.85,624.00,524.00,east,108.13,14.47
438,87.40,171.46,77.71,676.00,492.00,east,108.47,10.22
439,87.60,169.70,67.05,644.00,592.00,east,109.47,10.81
440,87.80,168.89,58.86,676.00,544.00,east,111.44,8.23
441,88.00,167.08,53.38,692.00,552.00,east,111.80,5.77
442,88.20,166.14,47.25,704.00,604.00,east,113.50,6.20
443,88.40,164.67,43.30,700.00,524.00,east,113.99,4.22
444,88.60,160.72,42.38,720.00,620.00,east,110.97,4.06
445,88.80,156.72,42.53,652.00,524.00,south,107.43,4.00
446,89.00,152.49,42.84,664.00,516.00,south,103.64,4.24
447,89.20,147.35,44.28,684.00,540.00,south,98.51,5.34
448,89.40,140.59,45.46,660.00,648.00,south,92.19,6.85
449,89.60,135.30,45.49,688.00,548.00,south,87.81,5.29
450,89.80,128.04,46.53,812.00,572.00,south,81.38,7.33
